{"FLOPs": 0.781719, "NNP_GOPs": 0.781719}